short_name,sofifa_id,long_name,player_positions,overall,potential,age,dob,height_cm,weight_kg,nationality_id,nationality_name,nation_jersey_number,preferred_foot,skill_moves,international_reputation,shooting,passing,dribbling,defending,physic
L. Bronze,227246,Lucia Roberta Tough Bronze,"RB, CM",92,92,29,28/10/91,171,67,14,England,2,Right,3,5,61,70,81,89,84
W. Renard,227316,Wéndèleine Thérèse Renard,CB,92,92,30,20/07/90,187,70,18,France,3,Right,2,5,70,62,73,91,88
V. Miedema,233746,Vivianne Miedema,ST,92,93,24,15/07/96,178,65,34,Netherlands,9,Right,4,5,93,75,88,32,79
S. Kerr,227125,Samantha May Kerr,"ST, LW",91,91,27,10/09/93,167,55,195,Australia,20,Right,4,5,90,72,91,39,80
A. Morgan,226301,Alexandra Morgan Carrasco,ST,90,90,31,02/07/89,170,62,95,United States,13,Left,4,5,88,74,86,43,71
D. Marozsán,226308,Dzsenifer Marozsán,"CAM, LM, CM",90,90,29,18/04/92,171,67,21,Germany,10,Right,5,5,86,90,89,55,76
M. Rapinoe,226328,Megan Anna Rapinoe,"LW, LM",90,90,35,05/07/85,170,60,95,United States,15,Right,4,5,87,90,89,49,66
T. Heath,226330,Tobin Powell Heath,"RW, CAM, LW",90,90,33,29/05/88,168,59,95,United States,17,Right,5,4,79,89,93,36,64
C. Hansen,227102,Caroline Graham Hansen,"RM, CAM, ST",90,91,26,18/02/95,178,66,36,Norway,10,Right,4,4,83,86,89,45,75
A. Henry,227318,Amandine Chantal Henry,"CDM, CM",90,90,31,28/09/89,171,64,18,France,6,Right,4,5,78,79,80,88,88
J. Ertz,226333,Julie Beth Ertz,"CDM, CB",89,89,29,06/04/92,170,59,95,United States,8,Right,3,4,66,80,75,87,85
C. Sinclair,226359,Christine Margaret Sinclair,"ST, CAM",89,89,38,12/06/83,175,67,70,Canada,12,Right,4,4,89,85,85,37,80
E. Le Sommer,227331,Eugénie Anne Claudine Le Sommer,"ST, LW, CAM",89,89,32,18/05/89,161,58,18,France,9,Right,4,5,91,74,84,41,70
L. Martens,233748,Lieke Martens,"LW, CAM",89,89,28,16/12/92,170,66,34,Netherlands,11,Right,5,5,87,86,89,41,72
B. Sauerbrunn,226177,Rebecca Elizabeth Sauerbrunn,"CB, RB",88,88,36,06/06/85,170,64,95,United States,4,Right,2,4,37,62,63,88,85
A. Popp,226302,Alexandra Popp,"ST, LM",88,88,30,06/04/91,174,65,21,Germany,11,Right,4,4,87,77,81,48,85
F. Kirby,227255,Francesca Kirby,"CAM, ST, CM",88,88,28,29/06/93,157,53,14,England,10,Right,4,4,88,76,88,50,62
Jenni Hermoso,227192,Jennifer Hermoso Fuentes,"ST, CAM, CF",87,87,31,09/05/90,174,59,45,Spain,10,Left,4,4,90,80,85,47,71
S. Däbritz,227327,Sara Ilonka Däbritz,"CM, LM, CAM",87,89,26,15/02/95,171,59,21,Germany,23,Left,4,3,79,83,87,69,72
A. Majri,227350,Amel Majri,"LM, LB",87,87,28,25/01/93,164,54,18,France,10,Left,4,3,69,85,87,85,80
L. Horan,231432,Lindsey Michelle Horan,"CAM, CM",87,88,27,26/05/94,175,67,95,United States,9,Right,4,3,86,85,83,59,76
K. Little,245872,Kim Alison Little,"CAM, CM",87,87,31,29/06/90,162,58,42,Scotland,8,Right,4,3,84,86,86,43,69
C. Press,226327,Christen Annemarie Press,"ST, LW, RW",86,86,32,29/12/88,170,59,95,United States,23,Right,4,4,86,76,83,45,73
A. Naeher,226335,Alyssa Michele Naeher,GK,86,86,33,20/04/88,175,60,95,United States,1,Right,1,3,,,,,
C. Dunn,226336,Crystal Alyssia Dunn Soubrier,"LB, RB, LM",86,86,28,03/07/92,157,55,95,United States,19,Right,4,3,76,80,81,83,63
S. Mewis,226338,Samantha June Mewis,"CM, CDM",86,86,28,09/10/92,180,63,95,United States,3,Right,4,3,76,82,80,77,84
N. Fischer,226968,Åsa Nilla Maria Fischer,CB,86,86,36,02/08/84,176,68,46,Sweden,5,Right,2,4,44,66,58,86,82
C. Seger,226975,Sara Caroline Seger,"CM, CDM",86,86,36,19/03/85,176,62,46,Sweden,17,Right,4,4,80,82,79,80,77
S. Bouhaddi,227313,Sarah Bouhaddi,GK,86,86,34,17/10/86,175,69,18,France,16,Right,1,3,,,,,
K. O'Hara,226318,Kelley Maureen O'Hara,"RB, LB",85,85,32,04/08/88,165,58,95,United States,5,Right,3,4,65,69,79,83,71
S. Houghton,226358,Stephanie Jayne Houghton Darby,CB,85,85,33,23/04/88,174,71,14,England,5,Right,2,4,63,63,66,85,83
M. Eriksson,226998,Magdalena Lilly Eriksson,"LB, CB",85,85,27,08/09/93,172,66,46,Sweden,6,Left,2,4,33,76,71,84,83
Alexia Putellas,227203,Alexia Putellas Segura,"LM, RM, CM",85,85,27,04/02/94,175,66,45,Spain,11,Left,3,4,83,82,84,69,70
R. Lavelle,232075,Rosemary Kathleen Lavelle,"CAM, CM, LB",85,88,26,14/05/95,163,52,95,United States,16,Left,4,3,78,80,85,46,60
J. Groenen,233852,Jackie Noëlle Groenen,"CM, CAM",85,86,26,17/12/94,164,60,34,Netherlands,14,Right,4,3,68,85,87,68,76
I. Engen,242896,Ingrid Syrstad Engen,"CM, CDM",85,90,23,29/04/98,177,65,36,Norway,14,Right,3,3,73,82,83,82,83
A. Harris,226331,Ashlyn Michelle Harris,GK,84,84,35,19/10/85,175,60,95,United States,18,Right,1,3,,,,,
K. Asllani,226987,Kosovare Asllani,"CAM, CM, ST",84,84,31,29/07/89,166,57,46,Sweden,9,Right,4,4,79,79,87,46,55
L. Benkarth,227330,Laura Anna Benkarth,GK,84,84,28,14/10/92,173,68,21,Germany,12,Right,1,2,,,,,
S. Huth,227337,Svenja Anette Huth,"RM, ST, LM",84,84,30,25/01/91,163,54,21,Germany,9,Right,4,3,73,81,86,57,58
K. Buchanan,227383,Kadeisha Buchanan,CB,84,87,25,05/11/95,170,65,70,Canada,3,Right,2,3,37,51,69,84,86
D. Cascarino,232202,Delphine Cascarino,"RM, RW",84,89,24,05/02/97,165,57,18,France,20,Right,4,2,72,76,86,27,56
A. Erceg,233341,Abby May Erceg,CB,84,84,31,20/11/89,177,68,198,New Zealand,8,Right,2,3,51,62,67,86,81
S. Blackstenius,233364,Emma Stina Blackstenius,ST,84,89,25,05/02/96,174,72,46,Sweden,11,Right,4,3,84,65,83,32,72
D. van de Donk,233751,Daniëlle van de Donk,"CAM, CM",84,84,29,05/08/91,160,54,34,Netherlands,10,Right,4,3,76,79,85,56,73
L. Magull,233837,Lina Maria Magull,"CM, CAM",84,85,26,15/08/94,166,54,21,Germany,28,Right,4,3,78,84,86,57,68
G. Gwinn,247788,Giulia Ronja Gwinn,"RM, CAM, RB",84,90,21,02/07/99,170,56,21,Germany,51,Right,4,2,71,80,84,64,65
L. Oberdorf,248717,Lena Sophie Oberdorf,"CB, CDM",84,92,19,19/12/01,174,55,21,Germany,6,Right,3,1,70,75,77,84,82
S. Jakobsson,226973,Eva Sofia Jakobsson,"RW, ST, LW",83,83,31,23/04/90,174,62,46,Sweden,10,Right,3,3,80,75,80,35,69
H. Lindahl,226978,Rut Hedvig Lindahl,GK,83,83,38,29/04/83,179,74,46,Sweden,1,Right,1,3,,,,,
F. Rolfö,227013,Fridolina Rolfö,"LW, RW",83,83,27,24/11/93,178,65,46,Sweden,18,Left,4,3,83,78,84,44,77
Irene Paredes,227190,Irene Paredes Hernández,CB,83,83,29,04/07/91,177,62,45,Spain,4,Right,2,4,52,62,65,86,76
J. Nobbs,227257,Jordan Nobbs,"CM, RM",83,83,28,08/12/92,160,54,14,England,8,Right,4,3,77,81,81,69,69
M. Mjelde,227282,Maren Nævdal Mjelde,"CB, RB",83,83,31,06/11/89,166,63,36,Norway,6,Right,3,3,76,82,79,85,72
G. Mbock,227346,Griedge Yinda Colette Mbock Bathy Nka,CB,83,86,26,26/02/95,172,64,18,France,19,Right,2,3,45,65,68,83,83
K. Diani,227361,Kadidiatou Diani,"RM, RW, ST",83,84,26,01/04/95,168,64,18,France,11,Right,4,3,78,78,83,50,58
S. Schmidt,227405,Sophie Diana Schmidt,"CM, CDM, CB",83,83,33,28/06/88,172,71,70,Canada,13,Right,4,3,77,81,81,73,70
K. Robles,227466,Vaitiare Kenti Robles Salas,RB,83,83,30,15/02/91,161,59,83,Mexico,2,Right,3,3,61,72,74,82,81
M. Pugh,232073,Mallory Diane Pugh,"RW, LW, CM",83,90,23,29/04/98,163,54,95,United States,2,Right,4,3,79,75,84,33,56
A. Franch,232077,Adrianna Nichole Franch,GK,83,83,30,12/11/90,175,68,95,United States,21,Right,1,3,,,,,
S. Spitse,233747,Sherida Spitse,"CDM, CM",83,83,31,29/05/90,167,61,34,Netherlands,8,Right,3,3,74,86,75,76,75
N. Parris,235659,Nikita Josephine Parris,"RM, ST, RW",83,83,27,10/03/94,164,59,14,England,7,Right,4,3,78,76,85,58,62
Miri Couto,245205,Débora Mariana Ruiz Couto,ST,83,83,29,29/02/92,168,65,54,Brazil,9,Left,4,1,83,79,89,28,70
Emanuelly Barni,245206,Emanuelly Jade Gonçalves Barni,LM,83,83,29,29/02/92,163,58,54,Brazil,10,Left,4,1,76,80,83,27,64
M. Katoto,246272,Marie-Antoinette Oda Katoto,ST,83,91,22,01/11/98,176,66,18,France,12,Right,4,3,84,70,82,20,61
A. Krieger,226325,Alexandra Blaire Krieger,"RB, CB",82,82,36,28/07/84,168,60,95,United States,11,Right,4,3,62,77,74,79,79
M. Leupolz,226354,Melanie Leupolz,"CM, CDM",82,82,27,14/04/94,173,52,21,Germany,18,Right,4,3,76,83,84,73,71
K. Hendrich,226375,Kathrin-Julia Hendrich,"RB, CB",82,82,29,06/04/92,174,55,21,Germany,5,Right,3,2,35,66,71,82,75
Wu Haiyan,226922,吴海燕,"CB, RB",82,82,28,26/02/93,166,58,155,China PR,5,Right,2,2,53,71,71,81,78
C. Foord,227110,Caitlin Jade Foord,"RW, LW, ST",82,83,26,11/11/94,165,61,195,Australia,9,Right,4,3,77,74,82,68,66
S. Catley,227119,Stephanie-Elise Catley,"LB, CB",82,83,27,26/01/94,171,60,195,Australia,7,Left,3,3,67,71,72,78,76
E. White,227270,Ellen Toni White Convery,"ST, LW",82,82,32,09/05/89,171,62,14,England,9,Right,3,2,84,64,75,43,82
K. Minde,227281,Kristine Minde,"LB, LM",82,82,28,08/08/92,169,64,36,Norway,17,Left,3,2,78,80,79,77,71
L. Maier,227300,Leonie Rebekka Maier,"RB, LB",82,82,28,29/09/92,163,62,21,Germany,4,Right,4,2,60,73,79,81,69
G. Reiten,227323,Guro Reiten,"LM, CAM, ST",82,82,26,26/07/94,167,60,36,Norway,16,Left,4,3,79,81,81,44,57
A. Lawrence,227392,Ashley Elizabeth Marie Lawrence,"RB, CM, LB",82,85,26,11/06/95,164,58,70,Canada,10,Right,3,3,70,83,80,78,76
D. Scott,227410,Desiree Rose Marie Scott,"CDM, CM",82,82,33,31/07/87,154,65,70,Canada,11,Right,3,3,51,72,72,79,84
S. van Veenendaal,233749,Sari van Veenendaal,GK,82,82,31,03/04/90,180,72,34,Netherlands,1,Right,1,3,,,,,
A. Dahlkemper,236641,Abigail Lynn Dahlkemper,CB,82,83,28,13/05/93,170,54,95,United States,7,Right,2,3,49,75,68,84,81
M. Bright,238257,Millie Bright,CB,82,84,27,21/08/93,178,76,14,England,15,Right,2,2,46,63,63,83,86
L. Dallmann,239345,Linda Dallmann,"CAM, LM, CF",82,83,26,02/09/94,158,51,21,Germany,16,Right,4,2,76,78,86,47,59
E. Carpenter,240030,Ellie Madison Carpenter,RB,82,91,21,28/04/00,165,60,195,Australia,3,Right,3,2,46,73,76,77,79
J. Roord,240714,Jill Jamie Roord,"LW, CAM, RW",82,86,24,22/04/97,175,63,34,Netherlands,19,Right,4,3,80,81,83,53,67
Jully Mutto,245188,Júlia Maria Mutto Sampaio,CB,82,82,33,29/02/88,170,68,54,Brazil,6,Right,2,1,39,58,64,84,80
Palomy Bastos,245193,Paloma Isa Sá Bastos,ST,82,82,33,29/02/88,172,67,54,Brazil,7,Left,4,1,83,67,82,23,73
M. Frohms,247789,Merle Frohms,GK,82,85,26,28/01/95,175,60,21,Germany,1,Right,1,2,,,,,
K. Bühl,248822,Klara Bühl,"ST, RM",82,89,20,07/12/00,172,65,21,Germany,19,Right,4,1,83,75,84,24,62
A. Berger,258310,Ann-Katrin Berger,GK,82,83,30,09/10/90,180,63,21,Germany,21,Right,1,2,,,,,
E. Haavi,227101,Emilie Bosshard Haavi,"LM, RM",81,81,29,16/06/92,164,59,36,Norway,20,Right,3,2,62,80,82,66,65
L. Williams,227118,Lydia Grace Yilkari Williams,GK,81,81,33,13/05/88,175,63,195,Australia,1,Right,1,3,,,,,
Sandra Paños,227776,Sandra Paños García-Villamil,GK,81,83,28,04/11/92,169,65,45,Spain,13,Right,1,2,,,,,
Mapi León,236479,María Pilar León Cebrián,"CB, LB",81,86,26,13/06/95,169,61,45,Spain,16,Left,2,3,39,70,65,83,73
H. Glas,239791,Hanna Erica Maria Glas,"RB, RWB, CB",81,81,28,16/04/93,172,64,46,Sweden,4,Right,2,2,53,68,69,80,75
L. Schüller,244302,Lea Schüller,ST,81,87,23,12/11/97,173,62,21,Germany,7,Right,3,2,81,67,78,32,67
Letinha Lia,245177,Letícia Lia Medeiros Resende,LB,81,81,37,29/02/84,170,66,54,Brazil,3,Left,4,1,52,70,80,77,74
Isinha Macapá,245194,Íris Isabella Orsi da Silva,RM,81,81,33,29/02/88,164,57,54,Brazil,11,Left,4,1,55,79,81,29,58
Becky Saudera,245199,Rebeca Lia Saudera Peixoto,CDM,81,81,29,29/02/92,170,65,54,Brazil,5,Right,3,1,66,72,69,78,80
S. Lohmann,247791,Sydney Lohmann,"CAM, CM",81,89,21,19/06/00,174,64,21,Germany,8,Right,3,1,79,77,80,75,76
M. Hegering,248715,Marina Hegering,CB,81,81,31,17/04/90,170,59,21,Germany,3,Right,2,2,35,52,67,83,79
T. Wullaert,261781,Tessa Wullaert,"ST, LW, CAM",81,81,28,19/03/93,168,60,7,Belgium,9,Right,4,3,81,79,81,26,67
Wang Shuang,226360,王霜,"ST, CAM",80,83,26,23/01/95,165,59,155,China PR,7,Left,3,3,79,74,81,43,69
Tang Jiali,226960,唐佳丽,"ST, RM, LM",80,82,26,16/03/95,166,52,155,China PR,18,Right,3,1,79,73,78,57,73
E. Kellond-Knight,227112,Elise Kellond-Knight,"CDM, LB, CM",80,80,30,10/08/90,165,60,195,Australia,8,Left,3,3,51,77,69,82,79
K. Bardsley,227241,Karen Louise Bardsley,GK,80,80,36,14/10/84,182,72,14,England,13,Right,1,3,,,,,
A. Greenwood,227254,Alex Greenwood,LB,80,80,27,07/09/93,168,62,14,England,3,Left,2,2,43,65,67,80,76
J. Scott,227262,Jill Louise Scott,"CM, CDM",80,80,34,02/02/87,182,68,14,England,16,Right,4,3,73,71,75,78,87
C. Telford,227269,Carly Mitchell Telford,GK,80,80,33,07/07/87,174,64,14,England,23,Right,1,1,,,,,
J. Beckie,227381,Janine Elizabeth Beckie,"LM, RM",80,80,26,20/08/94,173,63,70,Canada,16,Right,3,2,73,74,78,22,62
S. Labbé,227391,Stephanie Lynn Marie Labbé,GK,80,80,34,10/10/86,178,64,70,Canada,1,Right,1,2,,,,,
M. Torrent,231347,Marion Torrent,RB,80,80,29,17/04/92,164,53,18,France,4,Right,3,2,53,69,72,79,68
E. Sonnett,232074,Emily Ann Sonnett,"RB, CB, CDM",80,81,27,25/11/93,170,68,95,United States,14,Right,3,1,59,75,72,78,78
A. Riley,233343,Alexandra Lowe Riley,"LB, LM, LWB",80,80,33,30/10/87,164,54,198,New Zealand,7,Left,4,3,75,79,79,76,74
S. van der Gragt,233755,Stefanie van der Gragt,CB,80,80,28,16/08/92,178,70,34,Netherlands,3,Left,2,2,53,66,57,81,84
F. Rauch,233838,Felicitas Rauch,"LB, LM",80,85,25,30/04/96,167,61,21,Germany,17,Left,3,1,51,65,74,78,71
R. Daly,235657,Rachel Ann Daly,"RM, RB",80,80,29,06/12/91,168,67,14,England,17,Right,3,3,78,72,78,63,70
G. Geyoro,237197,Onema Grace Geyoro,"CDM, CB",80,89,23,02/07/97,166,60,18,France,8,Right,3,2,52,71,76,78,67
K. Sheridan,237673,Kailen Mary Iacovoni Sheridan,GK,80,83,25,16/07/95,176,72,70,Canada,18,Right,1,1,,,,,
L. Beerensteyn,240717,Lineth Enid Fabienne Beerensteyn,"RW, ST, RB",80,84,24,11/10/96,161,62,34,Netherlands,21,Right,4,2,73,69,84,52,73
Peng Shimeng,243415,彭诗梦,GK,80,85,23,12/05/98,182,70,155,China PR,12,Right,1,2,,,,,
Julininha Ruiz,245197,Júlia Bárbara Ruiz Gomes,GK,80,80,29,29/02/92,171,65,54,Brazil,1,Right,1,1,,,,,
Karole Pombal,245204,Karen Isa Pombal Trigo,"CAM, RM",80,80,29,29/02/92,165,59,54,Brazil,8,Right,4,1,69,75,81,27,47
L. Freigang,261773,Laura Freigang,"ST, RW",80,85,23,11/02/98,172,64,21,Germany,14,Right,3,1,81,53,75,23,61
J. Cayman,261785,Janice Cayman,"RW, LW, ST",80,80,32,12/10/88,167,61,7,Belgium,11,Right,4,2,80,76,81,53,67
Liu Shanshan,226911,刘杉杉,LB,79,79,29,16/03/92,169,65,155,China PR,2,Left,3,2,42,68,70,77,75
E. van Egmond,227113,Emily Louise van Egmond,"CM, CAM, CF",79,79,27,12/07/93,179,70,195,Australia,10,Right,4,3,72,76,72,70,83
H. Raso,227137,Hayley Emma Raso,"RW, LW",79,79,26,05/09/94,162,59,195,Australia,16,Right,3,2,74,67,83,33,63
D. Stokes,227264,Demi Lee Courtney Stokes,LB,79,79,29,12/12/91,158,56,14,England,12,Left,3,3,39,62,74,77,78
S. Mayor,227452,Sandra Stephany Mayor Gutierrez,"CAM, CM, RM",79,79,29,23/09/91,162,58,83,Mexico,10,Right,4,2,77,76,82,37,62
R. Percival,233338,Ria Dawn Percival,"RB, CDM",79,79,31,07/12/89,161,57,198,New Zealand,2,Right,4,2,65,80,76,78,60
S. van de Sanden,233752,Shanice Janice van de Sanden,RW,79,79,28,02/10/92,168,65,34,Netherlands,7,Right,4,3,70,71,77,39,77
D. Janssen,233756,Dominique Johanna Anna Petrone Janssen,"CB, RB, LB",79,80,26,17/01/95,174,67,34,Netherlands,20,Right,3,3,68,75,76,79,80
E. Perisset,236428,Ève Josette Noelle Périsset,RB,79,81,26,24/12/94,160,55,18,France,2,Right,3,1,46,72,75,77,72
K. Walsh,242830,Keira Fae Walsh,"CDM, CM",79,88,24,08/04/97,168,67,14,England,14,Right,3,2,40,75,76,73,78
C. Emslie,243403,Claire Emslie,"RM, LM",79,79,27,08/03/94,174,68,42,Scotland,18,Right,4,3,72,74,78,34,65
Bianca Revelia,245186,Bianca Rebeca Dias Ribeiro,RB,79,79,33,29/02/88,157,53,54,Brazil,4,Right,3,1,44,71,77,75,68
Becky Redela,245202,Rebeca Maria Jasper Redela,CB,79,79,29,29/02/92,172,70,54,Brazil,2,Right,2,1,34,51,57,82,80
J. Beattie,245873,Jennifer Patricia Beattie,CB,79,79,30,13/05/91,177,69,42,Scotland,5,Right,3,2,70,53,66,81,74
C. Weir,245879,Caroline Elspeth Lillias Weir,"CM, CDM, CAM",79,82,26,20/06/95,172,60,42,Scotland,9,Left,3,3,73,73,76,73,57
T. De Caigny,261789,Tine De Caigny,"ST, CAM",79,84,24,09/06/97,175,62,7,Belgium,6,Right,3,1,81,65,74,32,71
Li Ying,226915,李影,"LM, ST, RM",78,78,28,07/01/93,170,61,155,China PR,10,Left,3,2,80,74,77,38,73
Ma Jun,226940,马君,"CM, CDM",78,78,32,06/03/89,173,55,155,China PR,8,Right,3,2,71,70,75,74,71
A. Ilestedt,226979,Amanda Ilestedt,CB,78,79,28,17/01/93,178,65,46,Sweden,13,Right,2,2,36,54,53,78,80
A. Kennedy,227109,Alanna Stephanie Kennedy,"CB, CDM",78,81,26,21/01/95,176,63,195,Australia,5,Right,2,3,62,66,62,80,81
K. Gorry,227115,Katrina-Lee Gorry,"CM, CAM",78,78,28,13/08/92,154,54,195,Australia,19,Right,4,3,71,76,81,65,58
Marta Corredera,227193,Marta Corredera Rueda,"RB, RM, LB",78,78,29,08/08/91,162,59,45,Spain,7,Right,4,2,71,73,76,73,62
J. Fleming,227387,Jessie Alexandra Fleming,"CM, CAM",78,84,23,11/03/98,165,53,70,Canada,17,Right,3,1,71,69,80,66,56
Amanda Sampedro,227775,Amanda Sampedro Bustos,"RM, CM, CAM",78,78,28,26/06/93,161,55,45,Spain,19,Right,3,3,75,77,78,72,71
E. Nayler,233337,Erin Nicole Nayler,GK,78,79,29,17/04/92,175,68,198,New Zealand,1,Right,1,2,,,,,
S. Karchaoui,233662,Sakina Karchaoui,LB,78,82,25,26/01/96,160,55,18,France,7,Left,4,1,47,74,79,74,54
M. van Dongen,233757,Merel Didi van Dongen,"LB, CB",78,78,28,11/02/93,170,64,34,Netherlands,4,Left,3,2,54,71,74,77,79
A. Dekker,233854,Marieke Anouk Dekker,"CDM, CB",78,78,34,15/11/86,182,70,34,Netherlands,6,Right,2,2,65,71,63,81,85
Patri Guijarro,237289,Patricia Guijarro Gutiérrez,"CM, CAM",78,86,23,17/05/98,170,64,45,Spain,12,Right,3,2,78,74,77,72,65
Z. Mušović,243379,Zećira Mušović,GK,78,84,25,26/05/96,178,66,46,Sweden,22,Right,1,1,,,,,
G. Stanway,243404,Georgia Marie Stanway,"CAM, CM",78,89,22,03/01/99,162,58,14,England,4,Right,4,2,73,77,76,35,57
B. Mead,245802,Bethany Jane Mead,"LM, RM, LW",78,79,26,09/05/95,163,59,14,England,19,Right,3,2,77,69,79,33,63
E. Cuthbert,245882,Erin Jacqueline Cuthbert,"ST, CAM, CM",78,87,22,19/07/98,159,60,42,Scotland,22,Right,4,3,78,67,76,23,58
L. Williamson,246426,Leah Cathrine Williamson,CB,78,83,24,29/03/97,170,65,14,England,6,Right,2,1,47,57,60,79,71
Wang Shanshan,226917,王珊珊,"ST, LM, RM",77,77,31,27/01/90,169,57,155,China PR,11,Left,4,2,76,75,77,61,73
Zhang Xin,226932,张馨,"RM, LM, ST",77,77,29,23/05/92,170,56,155,China PR,6,Left,3,1,60,75,74,47,55
O. Schough,226985,Olivia Alma Charlotta Schough,"LW, LWB",77,77,30,11/03/91,172,60,46,Sweden,15,Right,4,2,75,72,77,41,73
E. Rubensson,226988,Elin Ingrid Johanna Rubensson,"CDM, CM",77,77,28,11/05/93,166,60,46,Sweden,23,Right,3,2,53,73,79,77,68
C. Polkinghorne,227111,Clare Elizabeth Polkinghorne,CB,77,77,32,01/02/89,171,67,195,Australia,4,Right,2,3,34,62,57,76,79
T. Yallop,227120,Tameka Yallop,"CAM, CM",77,77,30,16/06/91,158,55,195,Australia,13,Right,3,2,68,77,76,61,75
Virginia Torrecilla,227195,Virginia Torrecilla Reyes,"CDM, CM",77,80,26,04/09/94,174,63,45,Spain,14,Right,3,2,65,74,72,74,66
Vicky Losada,227201,María Victoria Losada Gómez,"CM, LM, RM",77,77,30,05/03/91,168,60,45,Spain,6,Right,3,3,74,72,74,69,72
C. Fiskerstrand,227368,Cecilie Hauståker Fiskerstrand,GK,77,81,25,20/03/96,174,66,36,Norway,1,Right,1,2,,,,,
E. McLeod,227400,Erin Katrina McLeod,GK,77,77,38,26/02/83,173,73,70,Canada,20,Right,1,3,,,,,
K. Bowen,233350,Kate Elizabeth Bowen,"CM, CDM, RB",77,78,27,15/04/94,170,56,198,New Zealand,14,Right,4,2,59,78,75,71,70
J. Andersson,235585,Jonna Ann-Charlotte Andersson,"LB, LWB",77,77,28,02/01/93,167,64,46,Sweden,2,Left,3,1,45,63,73,73,64
C. Krueger,236642,Casey Marie Krueger,"LB, CB",77,77,30,23/08/90,173,58,95,United States,20,Right,3,1,65,70,71,75,78
Mariona,237288,María Francesca Caldentey Oliver,"LW, RW, CAM",77,80,25,19/03/96,164,61,45,Spain,8,Right,3,2,74,76,79,48,67
Aitana Bonmatí,241667,Aitana Bonmatí Conca,"RM, CM, LM",77,85,23,18/01/98,161,51,45,Spain,23,Right,4,1,72,74,78,61,61
V. Risa,242895,Vilde Bøe Risa,"CM, CDM",77,80,25,13/07/95,164,67,36,Norway,8,Right,3,2,69,77,75,64,65
Lin Yuping,243419,林宇萍,CB,77,77,29,28/02/92,180,63,155,China PR,3,Right,2,2,49,68,64,78,76
Melinda Goiás,245196,Melinda Marina Regalo Gonçalves,LM,77,77,29,29/02/92,164,56,54,Brazil,13,Right,4,1,71,74,75,29,62
E. Mitchell,245876,Emma Mitchell,LB,77,77,28,19/09/92,165,59,42,Scotland,17,Left,3,2,40,61,70,74,68
L. Evans,245878,Lisa Catherine Evans,"RM, LM",77,77,29,21/05/92,166,54,42,Scotland,11,Right,4,2,70,71,77,48,56
A. Nouwen,246317,Aniek Nouwen,CB,77,83,22,09/03/99,174,65,34,Netherlands,2,Right,2,1,55,55,58,79,77
N. Björn,247461,Gun Nathalie Björn,"RB, CB, CDM",77,84,24,04/05/97,174,67,46,Sweden,14,Right,3,1,40,67,71,75,70
E. Roebuck,247796,Ellie Roebuck,GK,77,86,21,23/09/99,174,67,14,England,1,Right,1,1,,,,,
B. England,256489,Bethany England,ST,77,78,27,03/06/94,166,61,14,England,18,Right,3,2,80,64,76,46,67
Zhai Qingwei,259484,翟晴苇,LB,77,82,24,24/09/96,163,57,155,China PR,19,Left,3,1,33,57,60,78,54
Cláudia Neto,261836,Cláudia Teresa Pires Neto,"CAM, RM, ST",77,77,33,18/04/88,164,55,38,Portugal,7,Right,4,3,77,77,74,45,61
Zhang Rui,226913,张睿,"CM, CAM, CDM",76,76,32,17/01/89,172,62,155,China PR,20,Right,3,2,76,77,74,68,77
Gu Yasha,226929,古雅沙,LM,76,76,30,28/11/90,165,60,155,China PR,17,Left,4,2,74,72,73,43,64
V. Asseyi,227348,Viviane Marie-Louise Blanche Asseyi,"RM, ST, CAM",76,76,27,20/11/93,163,59,18,France,18,Right,3,1,65,71,76,48,62
K. Dali,227353,Kenza Dali,"RM, CM",76,76,29,31/07/91,165,62,18,France,15,Right,4,2,72,75,76,63,67
A. Chapman,227384,Allysha Lyn Chapman,"LB, RB",76,76,32,25/01/89,160,57,70,Canada,2,Left,2,2,35,52,57,77,75
Leila Ouahabi,233150,Leila Ouahabi El Ouahabi,LB,76,76,28,22/03/93,172,61,45,Spain,15,Left,3,1,48,64,68,75,71
K. van Es,233856,Kika van Es,"LB, RB, CB",76,76,29,11/10/91,169,62,34,Netherlands,5,Right,3,1,61,68,72,75,78
S. Zadorsky,235594,Shelina Laura Zadorsky,CB,76,76,28,24/10/92,172,67,70,Canada,4,Left,2,2,24,61,60,77,80
A. Tounkara,236648,Aïssatou Tounkara,CB,76,79,26,16/03/95,174,60,18,France,5,Right,2,2,32,57,56,77,76
T. Knaak,244303,Turid Knaak,"CAM, ST, LM",76,76,30,24/01/91,168,53,21,Germany,22,Right,4,1,72,72,80,35,55
Cecil Sendela,245178,Amanda Cecília Santos Sendela,LM,76,76,21,29/02/00,164,55,54,Brazil,19,Left,4,1,67,73,77,24,54
Zoe Tocantins,245181,Juliana Zoe Meire Carvalho,"CB, LB",76,76,37,29/02/84,173,68,54,Brazil,14,Left,2,1,24,56,56,79,70
Isaby Camila,245195,Isabel Camila Magela Acuna,"RM, LM",76,76,33,29/02/88,163,58,54,Brazil,15,Right,3,1,61,72,72,23,58
Niccole Cintra,245200,Isabella Nicole Cintra Torres,"ST, CF",76,76,29,29/02/92,163,58,54,Brazil,16,Right,4,1,77,51,77,18,57
K. Sævik,245821,Karina Sævik,"RM, LM",76,79,25,24/03/96,173,62,36,Norway,21,Right,3,1,68,75,76,56,65
L. Alexander,245871,Lee Alexander,GK,76,77,29,23/09/91,170,65,42,Scotland,1,Right,1,2,,,,,
R. Corsie,245875,Rachel Louise Corsie,CB,76,76,31,17/08/89,175,69,42,Scotland,4,Right,2,2,30,48,47,78,73
J. Falk,246152,Jennifer Miley Falk,GK,76,77,28,26/04/93,171,64,46,Sweden,12,Right,1,1,,,,,
A. Anvegård,246153,Anna Elin Astrid Anvegård,ST,76,82,24,10/05/97,167,65,46,Sweden,19,Right,3,1,79,66,78,45,55
Li Mengwen,247116,李梦雯,"RB, CM",76,78,26,28/03/95,165,56,155,China PR,4,Right,3,1,54,71,66,78,62
J. Brand,261740,Jule Brand,"LM, ST, CM",76,84,18,16/10/02,177,62,21,Germany,24,Left,3,1,69,72,73,52,54
J. Biesmans,261782,Julie Biesmans,"CB, CDM",76,78,27,04/05/94,173,68,7,Belgium,20,Right,2,1,30,65,67,78,74
Carole Costa,261829,Carole da Silva Costa,CB,76,76,31,03/05/90,173,60,38,Portugal,15,Right,2,1,36,45,45,77,72
Ana Borges,261831,Ana Catarina Marques Borges,"RB, RM, RW",76,76,31,15/06/90,159,54,38,Portugal,9,Right,3,1,42,55,58,75,69
Yang Li,226912,杨丽,ST,75,75,30,31/01/91,167,58,155,China PR,9,Right,4,3,74,66,74,33,67
Han Peng,226923,韩鹏,"RB, LB, LM",75,75,31,20/12/89,165,60,155,China PR,14,Right,3,2,67,73,74,70,70
Quinn,227404,Quinn Quinn,"CB, CDM, CM",75,78,25,11/08/95,175,65,70,Canada,5,Right,2,2,35,67,64,75,78
Ivana Andrés,227780,Ivana Andrés Sanz,CB,75,78,26,13/07/94,164,60,45,Spain,5,Right,2,1,45,56,48,76,74
M. Arnold,227925,Mackenzie Elizabeth Arnold,GK,75,79,27,25/02/94,179,76,195,Australia,18,Right,1,1,,,,,
E. Alvarado,228800,Emily Alvarado,GK,75,85,23,09/06/98,180,72,83,Mexico,1,Right,1,1,,,,,
Pang Fengyue,228840,庞丰月,"RM, CM",75,75,32,19/01/89,165,59,155,China PR,23,Right,3,2,67,74,75,64,72
C. Logarzo,231637,Chloe Logarzo,"CAM, LM, RM",75,77,26,22/12/94,165,51,195,Australia,6,Right,3,2,68,69,75,41,60
Andrea Pereira,233153,Andrea Pereira Cejudo,CB,75,77,27,19/09/93,164,62,45,Spain,20,Right,2,1,29,52,49,77,72
Esther González,233244,Esther González Rodríguez,"ST, CAM",75,75,28,08/12/92,164,54,45,Spain,18,Right,3,1,81,57,74,26,58
L. Utland,233323,Lisa-Marie Karlseng Utland,"ST, RM",75,75,28,19/09/92,171,63,36,Norway,11,Right,3,1,77,52,73,28,71
M. Moore,233351,Meikayla Jean-Maree Moore,"CB, RB",75,80,25,04/06/96,172,67,198,New Zealand,5,Right,2,1,32,59,62,77,75
A. Longo,233352,Annalie Antonia Longo,"CM, CAM, CDM",75,75,30,01/07/91,157,56,198,New Zealand,10,Right,4,1,70,72,78,60,67
I. Kaagman,233861,Inessa Kaagman,"CAM, CM",75,77,25,17/04/96,170,56,34,Netherlands,22,Right,3,1,76,75,73,37,66
N. Prince,235962,Nichelle Patrice Prince,"RM, ST",75,76,26,19/02/95,163,65,70,Canada,15,Right,3,1,69,65,77,21,64
F. Maanum,239761,Frida Leonhardsen Maanum,"CM, CAM, RM",75,85,21,16/07/99,173,53,36,Norway,18,Right,3,1,67,72,80,55,59
R. Jansen,240720,Renate Jansen,"RW, ST",75,75,30,07/12/90,166,60,34,Netherlands,13,Right,3,1,75,67,76,58,71
S. Durand,241547,Solène Durand,GK,75,76,26,20/11/94,170,66,18,France,1,Right,1,1,,,,,
Lucía García,242796,Lucía García Córdoba,"ST, RM, LM",75,84,22,14/07/98,163,56,45,Spain,17,Right,3,1,80,60,77,30,56
K. Snoeijs,244059,Katja Snoeijs,ST,75,79,24,01/08/96,172,62,34,Netherlands,17,Right,3,1,75,62,72,27,65
Iris Vieirinha,245185,Ana Iris Lopes Vieira,GK,75,75,33,29/02/88,169,60,54,Brazil,12,Left,1,1,,,,,
Jandinha Kenedy,245198,Isia Jade Selva Kenedy,"RB, LB, CB",75,75,29,29/02/92,165,62,54,Brazil,17,Right,2,1,37,58,55,76,67
S. Howard,245877,Sophie Louise Howard,"RB, CB",75,76,27,17/09/93,175,59,42,Scotland,15,Right,3,1,41,58,55,75,73
F. Brown,245884,Fiona Alison Brown,"LM, RM, CM",75,76,26,31/03/95,165,55,42,Scotland,20,Right,4,1,72,68,76,33,68
K. Smith,245889,Kirsty Anele Smith,"RB, LB",75,76,27,06/01/94,164,55,42,Scotland,2,Right,3,1,34,58,63,73,57
Nahikari,246286,Nahikari García Pérez,ST,75,79,24,10/03/97,160,52,45,Spain,22,Right,4,1,77,65,74,21,56
M. Janogy,247462,Madelen Fatimma Maria Janogy,"ST, LW",75,79,25,12/11/95,164,57,46,Sweden,7,Right,3,1,77,53,75,45,60
V. Gilles,247513,Vanessa Brigitte Gilles,CB,75,79,24,03/11/96,170,56,70,Canada,23,Right,2,1,51,50,43,75,81
Ona Batlle,253436,Ona Batlle Pascual,"LB, RB, CB",75,83,22,10/06/99,165,53,45,Spain,2,Right,3,1,35,54,62,74,58
C. Kelly,257001,Chloe Maggie Kelly,"RM, RW",75,84,23,15/01/98,161,58,14,England,22,Right,3,1,73,72,77,48,52
L. Hemp,257008,Lauren May Hemp,"LM, LW",75,88,20,07/08/00,163,59,14,England,11,Left,3,1,66,73,73,54,61
Yao Lingwei,259485,姚凌薇,"CM, CDM, CB",75,79,25,05/12/95,165,63,155,China PR,16,Right,3,1,64,66,72,66,61
L. Deloose,261783,Laura Deloose,RB,75,75,28,18/06/93,164,56,7,Belgium,22,Right,3,1,46,67,62,75,72
D. Philtjens,261790,Davina Philtjens,LB,75,75,32,26/02/89,150,52,7,Belgium,2,Left,3,1,57,70,70,73,53
Dolores Silva,261830,Dolores Isabel Jácome da Silva,"CDM, CM",75,75,29,07/08/91,167,54,38,Portugal,14,Right,3,1,50,72,54,74,65
Sílvia Rebelo,261832,Sílvia Marisa García Rebelo,CB,75,75,32,20/05/89,173,66,38,Portugal,4,Right,2,1,25,46,45,76,74
C. Macario,262330,Catarina Macario,ST,75,75,30,04/10/90,165,64,95,United States,22,Right,3,1,75,68,77,46,71
F. Angeldahl,263964,Filippa Angeldahl,CM,75,82,23,14/07/97,170,56,46,Sweden,16,Right,2,1,62,75,72,70,63
L. Hurtig,227003,Lina Mona Andréa Hurtig,"LW, LM",74,75,25,05/09/95,180,69,46,Sweden,8,Right,3,1,77,73,73,32,74
K. Simon,227116,Kyah Pam Simon,"ST, CAM",74,74,30,25/06/91,164,63,195,Australia,17,Right,4,3,75,58,75,42,70
A. Leon,227397,Adriana Kristina Leon,"LW, RW",74,74,28,02/10/92,160,59,70,Canada,19,Right,3,2,75,67,74,25,59
C. Bilbault,228585,Charlotte Bilbault,"CDM, CM",74,74,31,05/06/90,168,65,18,France,14,Right,2,1,44,63,64,70,80
M. Thorisdottir,233330,Maria Thorisdottir,"CB, CDM",74,75,28,05/06/93,171,68,36,Norway,3,Left,2,2,32,61,70,75,74
L. Geurts,233862,Loes Geurts,GK,74,74,35,12/01/86,168,63,34,Netherlands,23,Right,1,2,,,,,
M. Purce,243769,Margaret Purce,"RM, RWB",74,77,25,18/09/95,165,56,95,United States,25,Right,3,1,48,70,75,50,55
Kla Elisinha,245183,Clara Elisa Leal Porfírio,"CDM, CM",74,74,37,29/02/84,166,63,54,Brazil,18,Left,2,1,37,58,53,74,73
Giovanny Bia,245191,Giovana Beatriz Inácio Maia,"CDM, CM",74,74,33,29/02/88,159,58,54,Brazil,20,Right,2,1,31,65,48,72,75
Magi Bardini,245201,Olívia Jade Magela Bardini,"CAM, CM",74,74,29,29/02/92,158,51,54,Brazil,21,Left,4,1,71,76,77,52,58
J. Ross,245880,Jane Celestina Ross,"ST, RM, CAM",74,74,31,18/09/89,165,60,42,Scotland,13,Right,4,1,74,64,75,23,56
L. Clelland,245885,Lana Clelland,"ST, RM",74,74,28,26/01/93,173,65,42,Scotland,19,Right,3,1,72,58,73,19,67
C. Murray,245886,Christie Murray,"CM, CDM, CAM",74,74,31,03/05/90,156,50,42,Scotland,16,Right,3,1,69,72,72,78,57
J. Love,245888,Joanne Love,"CM, CDM, RM",74,74,35,06/12/85,160,60,42,Scotland,6,Right,3,1,68,69,73,70,62
H. Lauder,245891,Hayley Lauder,"LB, LM",74,74,31,04/06/90,170,62,42,Scotland,7,Left,3,1,57,63,69,72,64
P. Peyraud-Magnin,246178,Pauline Camille Peyraud-Magnin,GK,74,75,29,17/03/92,173,57,18,France,21,Left,1,1,,,,,
Alba Redondo,246774,Alba María Redondo Ferrer,"ST, RW",74,79,24,27/08/96,169,63,45,Spain,21,Right,3,1,77,61,72,17,57
L. Wilms,253417,Lynn Anke Hannie Wilms,RB,74,83,20,03/10/00,173,60,34,Netherlands,15,Right,2,1,52,69,68,71,72
Marta Cardona,253437,Marta Cardona de Miguel,"RM, RW",74,75,26,26/05/95,161,54,45,Spain,9,Right,4,1,67,72,73,26,52
S. Kleinherne,257530,Sophia Kleinherne,CB,74,84,21,12/04/00,169,54,21,Germany,2,Right,2,1,33,46,65,75,72
Misa,258789,María Isabel Rodríguez Rivero,GK,74,81,21,22/07/99,173,66,45,Spain,1,Left,1,1,,,,,
A. Cervantes,261093,Alicia Cervantes Herrera,ST,74,74,27,24/01/94,165,60,83,Mexico,23,Left,2,1,79,53,69,32,65
K. Missipo,261784,Kassandra Missipo,"CM, CDM",74,79,23,03/02/98,159,57,7,Belgium,23,Right,3,1,61,67,76,70,73
Jéssica Silva,261852,Jéssica Nogueira Silva,ST,74,77,26,11/12/94,170,54,38,Portugal,10,Left,4,1,73,54,72,19,54
S. Jensen,227369,Synne Sofie Kinden Jensen,ST,73,77,25,15/02/96,173,62,36,Norway,19,Right,3,2,74,50,73,24,63
M. Sánchez,228724,María Guadalupe Sánchez Morales,LM,73,76,25,20/02/96,167,56,83,Mexico,11,Left,3,1,66,71,73,42,54
R. White,233349,Rosemary Eleanor Florence White,"ST, RM, CAM",73,73,28,06/06/93,165,63,198,New Zealand,13,Right,3,1,71,72,74,29,61
D. Kerkdijk,233759,Danique Kerkdijk,CB,73,75,25,01/05/96,170,64,34,Netherlands,18,Right,2,1,43,55,57,75,75
V. Esson,238280,Victoria Lucy Esson,GK,73,73,30,06/03/91,169,65,198,New Zealand,21,Right,1,1,,,,,
K. Leine,239759,Kristine Bjørdal Leine,"LB, CB",73,78,24,06/08/96,171,57,36,Norway,30,Right,2,1,30,58,56,70,65
O. Chance,241526,Olivia Juliet Bridget Chance,"RM, LM",73,73,27,05/10/93,157,53,198,New Zealand,22,Right,3,1,66,67,70,40,59
Rafaelly Paraná,245187,Rafaela Isabel Lobato Selva,LB,73,73,25,29/02/96,168,65,54,Brazil,23,Left,3,1,51,64,69,71,77
L. Arnot,245881,Lizzie Arnot,"ST, LM",73,77,25,01/03/96,169,54,42,Scotland,21,Right,3,1,75,44,74,22,55
C. Arthur,245883,Chloe Susan Arthur,"CM, CDM",73,76,26,21/01/95,169,58,42,Scotland,14,Right,3,1,67,67,70,69,60
L. Crichton,245890,Leanne Crichton,CM,73,73,33,06/08/87,160,55,42,Scotland,10,Right,3,1,70,71,71,69,56
E. Laurent,246177,Emelyne Ann-Emmanuelle Laurent,"RW, RM",73,85,22,04/11/98,161,50,18,France,13,Right,3,1,64,68,76,20,38
N. Docherty,246967,Nicola Docherty,LB,73,73,28,23/08/92,171,60,42,Scotland,3,Left,3,1,52,58,68,71,65
D. Espinosa,247437,Daniela Espinosa Arce,"RM, CAM, ST",73,84,21,13/07/99,168,62,83,Mexico,7,Right,3,1,72,74,73,34,41
J. Huitema,247512,Jordyn Pamela Huitema,"ST, RW, RM",73,84,20,08/05/01,181,56,70,Canada,7,Right,4,3,74,53,75,24,53
Yao Wei,247747,姚伟,"CM, RM",73,79,23,01/09/97,167,60,155,China PR,21,Right,3,1,70,71,71,55,62
Laia Aleixandri,253435,Laia Aleixandri López,"CB, RB, CDM",73,84,20,25/08/00,170,55,45,Spain,3,Left,2,1,28,55,48,74,72
P. Morroni,256095,Perle Morroni,LB,73,80,23,15/10/97,157,53,18,France,23,Left,2,1,34,64,62,69,58
J. López,260768,Jimena López Fuentes,LB,73,79,22,30/01/99,170,57,83,Mexico,5,Left,2,1,46,62,62,70,60
É. Viens,261514,Évelyne Viens,ST,73,77,24,06/02/97,173,64,70,Canada,9,Right,2,1,77,50,72,19,60
J. Vanhaevermaet,261786,Justine Vanhaevermaet,"CDM, CM",73,73,29,29/04/92,185,72,7,Belgium,10,Right,3,1,66,69,67,71,72
L. De Neve,261788,Laura De Neve,CB,73,76,26,09/10/94,168,56,7,Belgium,18,Left,2,1,45,66,60,74,71
M. Minnaert,261791,Marie Minnaert,"CM, CAM",73,79,22,05/05/99,184,73,7,Belgium,16,Right,3,1,68,72,68,62,70
L. Onzia,261801,Lenie Onzia,"CM, CDM, CAM",73,73,32,30/05/89,170,57,7,Belgium,8,Right,3,1,54,71,71,70,68
Patrícia Morais,261834,Patrícia Isabel Sousa Morais,GK,73,73,29,17/06/92,178,63,38,Portugal,12,Right,1,1,,,,,
Carolina Mendes,261842,Carolina Ana Coruche Mendes,ST,73,73,33,27/11/87,173,59,38,Portugal,18,Right,3,1,79,55,74,18,58
E. Toone,263011,Ella Toone,"RW, RM",73,83,21,02/09/99,163,57,14,England,20,Right,2,1,70,69,73,49,64
H. Bennison,263966,Hanna Bennison,CAM,73,90,18,16/10/02,160,51,46,Sweden,26,Right,2,1,68,75,72,57,57
Li Jiayue,226927,李佳悦,"CB, RB, LB",72,72,31,08/06/90,170,58,155,China PR,13,Right,2,1,43,56,61,73,72
E. Thorsnes,227286,Elise Hove Thorsnes,"ST, LB",72,72,32,14/08/88,174,70,36,Norway,7,Right,3,2,64,66,74,57,85
C. Jaramillo,227454,Christian Carolina Jaramillo Quintero,"LM, CM",72,72,27,15/03/94,167,59,83,Mexico,15,Left,3,3,61,74,74,38,61
Bi Xiaolin,232618,毕晓琳,GK,72,72,31,18/09/89,176,62,155,China PR,1,Right,1,1,,,,,
E. Gielnik,233200,Emily Gielnik,"RW, LW, ST",72,72,29,13/05/92,183,68,195,Australia,15,Right,3,1,68,65,74,26,68
S. Hansen,233322,Synne Skinnes Hansen,"RB, LB",72,75,25,12/08/95,171,65,36,Norway,5,Right,3,1,61,60,67,70,57
A. Green,233339,Anna Green,"LB, LWB",72,72,30,20/08/90,167,62,198,New Zealand,3,Left,3,1,64,65,68,71,69
H. Wilkinson,233353,Hannah Lillian Wilkinson,"ST, RM, LM",72,72,29,28/05/92,178,70,198,New Zealand,17,Right,4,1,73,58,72,23,62
C. Bott,233354,Catherine Joan Bott,"LB, RB, RWB",72,75,26,22/04/95,165,60,198,New Zealand,4,Right,3,1,57,64,70,70,70
L. Agnew,237674,Lindsay Elizabeth Agnew,RB,72,74,26,31/03/95,175,63,70,Canada,22,Right,2,1,65,63,66,70,72
D. Rose,238096,Deanne Rose,"LM, RM",72,81,22,03/03/99,162,62,70,Canada,6,Right,2,1,64,64,71,32,67
S. Woeller,239124,Shannon Elizabeth Woeller,CB,72,72,30,31/12/90,172,64,70,Canada,21,Right,2,1,26,45,49,75,75
R. Bernal,241224,Rebeca Bernal Rodriguez,"LB, CDM",72,75,23,31/08/97,170,62,83,Mexico,6,Left,3,1,41,62,66,71,63
L. Kop,244058,Lize Kop,GK,72,78,23,17/03/98,172,64,34,Netherlands,16,Right,1,1,,,,,
V. Pelova,244064,Victoria Pelova,"CAM, CM",72,80,22,03/06/99,158,55,34,Netherlands,12,Right,3,1,67,67,76,35,55
Licinha Bardini,245184,Lia Juliana Bardini Reis,GK,72,72,33,29/02/88,175,70,54,Brazil,22,Right,1,1,,,,,
A. Eikeland,247535,Amalie Vevle Eikeland,"RM, LM",72,73,25,26/08/95,164,67,36,Norway,15,Right,3,1,68,67,72,24,52
J. Roddar,248790,Julia Elisabeth Roddar,"CDM, CM",72,72,29,16/02/92,167,59,46,Sweden,20,Right,3,1,38,64,55,69,69
A. González,261092,Alison Hecnary Gonzalez Esquivel,"ST, RW",72,84,19,31/01/02,169,51,83,Mexico,20,Right,3,1,76,58,74,25,45
J. Odeurs,261787,Justien Odeurs,GK,72,77,24,30/05/97,174,70,7,Belgium,1,Right,1,1,,,,,
N. Evrard,261794,Nicky Evrard,GK,72,76,26,26/05/95,176,58,7,Belgium,21,Right,1,1,,,,,
D. Vanmechelen,261795,Davinia Vanmechelen,"LW, LM",72,80,21,30/08/99,161,63,7,Belgium,14,Left,4,1,67,69,73,23,48
C. Vande Velde,261798,Chloé Vande Velde,"CM, RM, LM",72,77,24,06/06/97,169,58,7,Belgium,19,Right,3,1,70,71,73,64,66
Tatiana Pinto,261835,Tatiana Vanessa Ferreira Pinto,CM,72,73,27,28/03/94,167,55,38,Portugal,11,Right,3,1,51,68,67,65,58
Diana Silva,261837,Diana Micaela de Sousa e Silva,"ST, LW",72,75,26,04/06/95,161,54,38,Portugal,19,Left,3,1,78,64,72,18,60
Andreia Norton,261838,Andreia Alexandra Norton,"CM, RM, LM",72,77,24,15/08/96,161,58,38,Portugal,8,Right,3,1,59,69,64,59,64
Fátima Pinto,261841,Fátima Figueira Pinto,"CM, LM",72,77,25,16/01/96,169,59,38,Portugal,13,Left,3,1,48,72,67,59,66
K. Cooney-Cross,262866,Kyra Cooney-Cross,CAM,72,88,19,15/02/02,165,60,195,Australia,22,Right,2,1,71,73,72,39,45
A. Cook,264011,Alana Cook,CB,72,76,24,11/04/97,175,68,95,United States,26,Right,2,1,41,55,68,72,75
Song Duan,226964,宋端,"CM, CDM",71,74,25,02/08/95,168,54,155,China PR,15,Right,3,1,69,62,70,70,63
N. Antonio,227486,Nancy Guadalupe Antonio Lopez,"CDM, CM",71,75,25,02/04/96,174,60,83,Mexico,16,Right,2,1,58,61,65,69,74
B. Hassett,233348,Betsy Doon Hassett,"CAM, LM, RM",71,71,30,04/08/90,157,55,198,New Zealand,12,Left,3,1,69,69,72,38,57
T. Hansen,239756,Tuva Hansen,CB,71,80,23,04/08/97,165,55,36,Norway,4,Right,2,1,28,38,45,76,61
K. Rood,241565,Katie Rood,"LW, ST, CAM",71,71,28,02/09/92,164,62,198,New Zealand,9,Right,3,1,66,67,71,31,52
M. Kelly,242025,Maegan Kelly,"LM, LW",71,71,29,19/02/92,164,70,70,Canada,14,Left,3,1,62,68,70,38,56
J. Fife,245892,Jenna Josephine Fife,GK,71,76,25,01/12/95,175,70,42,Scotland,12,Left,1,1,,,,,
L. Staniforth,246235,Lucy Elizabeth Staniforth,CAM,71,71,28,02/10/92,157,54,14,England,21,Right,3,1,60,72,72,40,52
Luo Guiping,250773,罗桂平,"RB, CB",71,71,28,20/04/93,168,63,155,China PR,22,Right,3,1,31,64,60,70,62
É. De Almeida,253469,Élisa De Almeida,"CB, RB",71,79,23,11/01/98,174,61,18,France,22,Right,2,1,23,53,57,74,62
I. González,254564,Itzel González Rodríguez,GK,71,71,26,14/08/94,172,65,83,Mexico,12,Right,1,1,,,,,
Joana Marchão,261833,Joana Filipa Gaspar Marchão,LB,71,76,24,24/10/96,165,53,38,Portugal,5,Left,3,1,40,60,60,70,64
Ana Capeta,261844,Ana Inês Palma Capeta,"ST, LW",71,80,23,22/12/97,168,63,38,Portugal,20,Right,4,1,71,57,68,19,63
Inês Pereira,261848,Inês Teixeira Pereira,GK,71,79,22,26/05/99,168,64,38,Portugal,1,Right,1,1,,,,,
J. Montoya,264630,Joseline Montoya,"RM, RW",71,80,20,03/07/00,158,48,83,Mexico,17,Right,3,1,63,69,73,32,38
J. Orejel,243054,Jocelyn Marie Orejel Tavares,CB,70,74,24,14/11/96,182,73,83,Mexico,4,Right,2,1,27,45,40,69,78
S. Lynn,245887,Shannon Lynn,GK,70,70,35,22/10/85,175,58,42,Scotland,23,Right,1,1,,,,,
C. Kvamme,247531,Cecilie Redisch Kvamme,RB,70,73,25,11/09/95,158,56,36,Norway,22,Right,2,1,33,59,64,68,61
E. Kullberg,258915,Emma Kullberg,CB,70,71,29,25/09/91,170,63,46,Sweden,3,Right,2,1,35,45,52,73,66
S. Van Belle,261792,Shari Van Belle,"LB, RB",70,78,21,22/12/99,164,51,7,Belgium,5,Right,3,1,25,50,61,69,54
A. Tysiak,261793,Amber Tysiak,CB,70,78,21,26/01/00,177,70,7,Belgium,4,Right,2,1,25,41,41,71,69
C. Tison,261806,Charlotte Tison,CB,70,76,23,21/04/98,165,56,7,Belgium,15,Right,2,1,27,47,57,71,66
Telma Encarnação,261849,Telma Raquel Velosa Encarnaçao,ST,70,78,19,11/10/01,169,60,38,Portugal,23,Right,3,1,69,59,65,25,62
Kika Nazareth,261855,Francisca Ramos Nazareth Sousa,ST,70,82,18,17/11/02,170,52,38,Portugal,16,Right,3,1,69,59,69,17,62
Rute Costa,261857,Ana Rute Campos Costa,GK,70,73,27,01/06/94,170,60,38,Portugal,22,Right,1,1,,,,,
A. Harrison,227141,Amy Bianca Harrison,"CM, RM, RB",69,72,25,21/04/96,171,58,195,Australia,23,Left,3,1,67,64,68,52,61
C. Ferral,241225,Cristina Del Carmen Ferral Montalván,"CB, CDM",69,69,28,16/02/93,165,57,83,Mexico,14,Right,2,1,66,69,69,70,69
B. Campos,241286,Briana Marie Campos Barrientez,"CDM, CM",69,72,27,03/02/94,160,60,83,Mexico,18,Right,2,1,58,61,68,67,61
T. Åsland,247536,Therese Sessy Åsland,"CM, CAM",69,72,25,26/08/95,160,60,36,Norway,13,Right,2,1,67,67,69,59,74
M. Fowler,248799,Mary Fowler,"ST, CAM",69,86,18,14/02/03,172,60,195,Australia,11,Left,3,1,70,55,75,25,50
D. Evangelista,254997,Diana Laura Evangelista Chávez,"ST, RW",69,72,26,05/11/94,156,53,83,Mexico,21,Right,4,1,74,61,70,39,52
M. Cadena,255013,Mariana Cadena Calvillo,CB,69,74,26,13/02/95,168,62,83,Mexico,13,Right,2,1,39,48,51,70,69
E. Cascarino,256094,Estelle Cascarino,"CB, LB",69,78,24,05/02/97,161,52,18,France,17,Left,2,1,35,59,64,70,67
L. Wajnblum,261811,Lola Wajnblum,ST,69,73,25,22/01/96,161,59,7,Belgium,3,Right,3,1,72,46,67,22,49
Andreia Jacinto,261843,Andreia de Jesus Jacinto,"CM, RM",69,79,19,08/06/02,169,59,38,Portugal,6,Right,3,1,46,67,67,63,67
Andreia Faria,261845,Andreia Martins Faria,CM,69,79,21,19/04/00,164,55,38,Portugal,21,Right,3,1,61,66,66,60,57
Alícia Correia,261854,Alícia Lima Correia,LB,69,81,18,29/04/03,159,53,38,Portugal,3,Left,3,1,41,53,61,68,60
K. Rodríguez,262826,Karina Rodríguez,CB,69,77,22,02/03/99,166,59,83,Mexico,3,Left,2,1,38,43,48,71,71
S. Smith,264012,Sophia Smith,RW,69,78,20,10/08/00,165,62,95,United States,27,Right,3,1,68,64,71,41,53
A. Rodríguez,264626,Anika Rodríguez,"RW, RB",69,73,24,31/12/96,157,57,83,Mexico,8,Right,3,1,66,65,71,60,53
A. Phillips,233361,Aimee Phillips,"ST, CF",68,68,30,06/05/91,158,55,198,New Zealand,11,Right,3,1,69,56,67,19,53
P. Satchell,238279,Paige Therese Satchell,"LW, LM",68,75,23,13/04/98,163,50,198,New Zealand,19,Left,3,1,56,63,67,29,49
J. Hellstrom,242027,Jenna Hellstrom,"RM, LM",68,68,26,02/04/95,168,64,70,Canada,25,Right,3,1,57,58,72,45,58
K. Roestbakken,250977,Karly Roestbakken,"LB, RB",68,84,20,17/01/01,165,61,195,Australia,2,Right,2,1,31,50,67,66,59
C. Bunge,256117,Claudia Mary Bunge,CB,68,78,21,21/09/99,173,63,198,New Zealand,16,Right,2,1,33,47,57,70,70
G. Pettersen,258940,Guro Pettersen,GK,68,68,29,22/08/91,175,67,36,Norway,12,Right,1,1,,,,,
M. Villeda,261113,Melany Aylin Villeda Medina,GK,68,78,19,25/10/01,165,55,83,Mexico,22,Right,1,1,,,,,
I. Iliano,261802,Isabelle Iliano,LB,68,73,24,02/03/97,170,58,7,Belgium,17,Left,3,1,24,46,54,67,53
D. Lemey,261804,Diede Lemey,GK,68,72,24,07/10/96,170,58,7,Belgium,12,Right,1,1,,,,,
M. Coutereels,261807,Maud Coutereels,"CB, CDM",68,68,35,21/05/86,170,58,7,Belgium,29,Right,2,1,27,59,55,72,59
Catarina Amado,261858,Catarina Isabel Silva Amado,"RB, RM, RW",68,78,21,21/07/99,165,55,38,Portugal,2,Right,3,1,58,61,66,63,54
S. Morton,243875,Sarah Morton,"LB, CB, LWB",67,74,22,28/08/98,166,58,198,New Zealand,15,Right,2,1,37,57,58,70,62
A. Mikalsen,244890,Aurora Watten Mikalsen,GK,67,72,25,21/03/96,175,65,36,Norway,28,Left,1,1,,,,,
N. Stratford,254489,Nicole Ellen Stratford,CB,67,67,32,01/02/89,177,68,198,New Zealand,6,Right,2,1,25,44,47,67,72
J. Blakstad,264233,Julie Blakstad,"LM, LB",67,84,19,27/08/01,175,60,36,Norway,23,Left,3,1,58,63,69,57,57
M. Delgadillo,264627,Myra Delgadillo,ST,67,70,25,08/12/95,175,60,83,Mexico,9,Right,2,1,69,62,70,29,51
S. Skilton,243421,Stephanie Skilton,"RW, RWB, ST",66,66,26,27/10/94,175,66,198,New Zealand,18,Right,3,1,65,56,67,64,59
T. Micah,248751,Teagan Jade Micah,GK,66,75,23,20/10/97,176,78,195,Australia,12,Right,1,1,,,,,
D. García,256208,Diana Laura García Castillo,RM,66,76,21,11/11/99,167,57,83,Mexico,19,Right,2,1,58,64,69,43,39
M. van der Meer,256251,Marisa Isabel Van Der Meer,"LB, LWB",66,78,19,27/03/02,167,60,198,New Zealand,20,Left,2,1,38,61,62,62,56
H. Eurlings,261799,Hannah Eurlings,"CF, ST",66,81,18,01/01/03,170,58,7,Belgium,7,Right,4,1,63,65,72,31,49
Ana Dias,261856,Ana Inês Costa Mendes Dias,ST,66,75,23,02/10/97,171,60,38,Portugal,17,Right,3,1,67,51,63,16,60
G. Rennie,263000,Gabi Rennie,"ST, RW",66,79,19,07/07/01,168,64,198,New Zealand,23,Right,2,1,69,55,67,35,51
C. Nevin,262867,Courtney Nevin,LB,62,77,19,12/02/02,168,65,195,Australia,21,Left,2,1,25,52,57,55,53
C. Grant,262868,Charlotte Grant,"RB, CB",60,75,19,20/09/01,172,70,195,Australia,14,Right,2,1,29,49,58,56,59